"","Country_Name","Country_Code","Indicator_Name","Indicator_Code","1960","1961","1962","1963","1964","1965","1966","1967","1968","1969","1970","1971","1972","1973","1974","1975","1976","1977","1978","1979","1980","1981","1982","1983","1984","1985","1986","1987","1988","1989","1990","1991","1992","1993","1994","1995","1996","1997","1998","1999","2000","2001","2002","2003","2004","2005","2006","2007","2008","2009","2010","2011","2012","2013","2014","2015","2016","2017","2018","X"
"22390","High income","HIC","Access to electricity (% of population)","EG.ELC.ACCS.ZS",NA,NA,NA,NA,NA,NA,NA,NA,NA,NA,NA,NA,NA,NA,NA,NA,NA,NA,NA,NA,NA,NA,NA,NA,NA,NA,NA,NA,NA,NA,99.7976734488185,99.836707457006,99.8365843081313,99.8461667733433,99.8506014198104,99.8628496208746,99.8644745611494,99.8736411882118,99.8920057675597,99.8853959040204,99.8969128805746,99.8914997977549,99.899416283182,99.9353064459763,99.9124189999829,99.9168571784203,99.9430712383203,99.9294313013793,99.9343818704259,99.9528848340523,99.9412725364574,99.9602330475209,99.9721065289777,99.9563394182891,99.9778981065073,99.9774823586041,99.9881930956509,100,NA,NA
"22522","High income","HIC","Birth rate, crude (per 1,000 people)","SP.DYN.CBRT.IN",21.6145999965306,21.4437402523754,21.1004124318898,20.9560150183611,20.8059622727327,20.0863872119984,18.9923509573338,19.1540741702631,18.7854906212171,18.5887850080399,18.4849617322584,18.1845541540432,17.3401112494336,16.8816320441746,16.642938130165,16.1298261803849,15.8917937772953,15.716801753374,15.4489785581797,15.604141741264,15.5425201909805,15.3000040002637,15.2223082435221,14.9049294138745,14.6698350180093,14.551549313961,14.2710715317859,14.2140327771424,14.2995884577037,14.1725670039939,14.2669508525599,14.0160768684915,13.7670287062765,13.4166980326607,13.1562065359473,12.8237949823691,12.6982897746936,12.546412561972,12.3842007637108,12.2397079277234,12.3465849508966,11.9999458945168,11.8532058689766,11.86350653498,11.783694628896,11.7001421709308,11.8939332197206,11.9947888266167,11.9982145126497,11.7352814808611,11.5960067358086,11.4049942720727,11.3486827915984,11.0308821798501,11.0657288456886,10.9678332430845,10.8622800474065,10.5641925262242,NA,NA
"22594","High income","HIC","CO2 emissions (metric tons per capita)","EN.ATM.CO2E.PC",7.51566938504867,7.56715024523687,7.81770122537272,8.15271761957474,8.46323687689195,8.73367849075339,9.0177768690384,9.32530206331789,9.7342745342575,10.2480703427285,11.0332826171554,11.1376822928511,11.5796641333809,12.0755353709677,11.6732437380764,11.1911792900444,11.7062134884228,11.8558002431949,12.0640594939556,12.2844981915324,11.9290487610542,11.3534688775362,10.8442133490536,10.7405667682657,10.9554774237214,11.0046801820961,10.9663984368889,11.1906709981457,11.5191829844244,11.7302979886248,11.4025657851144,11.4496501496397,11.5093286316878,11.5859005203165,11.65241225348,11.6325420373092,11.8702464869223,11.8807137532806,11.804735287577,11.8990242712809,12.2145769481532,12.1008274777895,12.0965497870332,12.1971769989236,12.3195517698433,12.2489540788657,12.1762851978975,12.1480107268872,11.8978479601677,11.1905065263732,11.5052887456202,11.2555457725701,11.0796956766757,10.9988656373776,10.925831512793,NA,NA,NA,NA,NA
"22821","High income","HIC","Expense (% of GDP)","GC.XPN.TOTL.GD.ZS",NA,NA,NA,NA,NA,NA,NA,NA,NA,NA,NA,NA,19.3949744087732,20.1337625289614,21.0002474148079,23.0195164499284,23.3724609863037,23.4139194424495,23.7545176441606,23.903433567667,25.1401478383527,25.1404050871643,26.1166688491677,26.3480830476466,25.7396659294998,25.9077445434371,26.8834122033166,26.42681166007,25.5502864918308,25.1967354959715,25.4540850301518,29.435449912648,29.361809735575,29.4679104059099,27.140602231096,28.4289773590035,27.3552985729886,26.3232296602628,26.4061576143264,25.6371269536819,25.347629153958,25.995327944218,26.3012626319731,26.5965729839381,26.1494617457097,26.2167802037953,25.929820592135,25.6500084847729,26.942324855391,29.7406524480906,29.7573295434518,28.9795155511599,28.9293645509732,28.4178769437553,28.0571259574847,27.7834734477081,27.4719081318431,27.1425868236157,NA,NA
"22895","High income","HIC","Forest area (sq. km)","AG.LND.FRST.K2",NA,NA,NA,NA,NA,NA,NA,NA,NA,NA,NA,NA,NA,NA,NA,NA,NA,NA,NA,NA,NA,NA,NA,NA,NA,NA,NA,NA,NA,NA,9968629.10232618,9977649.8853907,9987192.88623676,9996497.12114438,10005787.1136178,10015077.1966566,10024367.0828645,10033657.2828786,10042947.3179407,10052237.5038813,10061527.4940227,10065287.8061508,10069047.7800561,10072808.0135848,10076568.1062178,10080328.2994084,10084115.3833802,10087902.5392015,10091690.0716101,10095477.2060929,10099264.292389,10110588.3789961,10121912.5402944,10133236.1631863,10144560.2251093,10155884.3920539,10167198.5780524,NA,NA,NA
"22906","High income","HIC","GDP growth (annual %)","NY.GDP.MKTP.KD.ZG",NA,4.74073049289647,5.88985911573145,5.29822520930396,6.48116051099434,5.56866511986075,6.08297537713615,4.54641016023136,6.1028718595673,5.80076308664673,2.8390183943321,3.95917150784713,5.59837919284465,6.33291752059463,1.21136364305204,-0.0933090418089222,4.97204845701785,3.87380288941719,4.1129421988627,4.13605241863468,1.49501155336351,1.98136558611095,-0.0659155280075083,2.70369540648478,4.54855793919154,3.58514048128502,3.2328997952575,3.49664559676583,4.81845028935449,3.89274038025427,3.14097541070694,1.51201175085845,2.06833555556753,1.20704976140841,3.19573889380197,2.87483040441563,2.96544608631714,3.37565023532242,2.72703396723497,3.29784613182879,4.04581734213289,1.49785668166717,1.54038654967195,2.12822260415928,3.29151515727932,2.80435081016644,3.06890476279899,2.65229216103877,0.389827099518286,-3.32823958395498,2.93549698016353,1.84752847542899,1.28934361049365,1.43556498220822,2.03761158969553,2.3268224793209,1.70255745174188,2.25617852109747,2.1964779322312,NA
"22910","High income","HIC","GDP per capita (current US$)","NY.GDP.PCAP.CD",1390.79893045633,1450.18011749119,1546.16409802782,1643.7240561643,1772.80070684766,1902.24770713763,2063.70005596676,2191.35797697354,2353.14390066979,2554.47320952509,2783.45678476156,3059.60807649906,3516.59346795067,4222.87408577178,4718.3982040277,5213.52139013787,5631.22572017452,6320.36779988819,7522.84353829569,8622.34787894461,9545.31533414091,9613.64184150976,9454.13517005845,9694.74532701946,10041.9770429404,10470.525056866,12624.2490900314,14530.9368788358,16252.6010157066,16879.0412810716,18824.5840418409,19752.1833421946,21122.9820774201,21126.6920779084,22491.5770767971,24767.9724806518,24816.083275015,24246.3134099546,24180.5765942412,25236.2132550271,25593.379923017,25179.5954373513,26074.2565359114,29038.627746517,32098.7283319334,33715.095392542,35334.7988089916,38341.1599942274,40417.8887373947,37632.6843820342,39169.9121786448,42067.6065477945,41867.9310250033,42121.8194812579,42776.4494190336,40165.461323874,40763.0858603254,42346.1732461324,44705.8730597169,NA
"22911","High income","HIC","GDP per capita growth (annual %)","NY.GDP.PCAP.KD.ZG",NA,3.19952995032691,4.53342512898161,3.97553655269847,5.17248780541351,4.33406212611858,4.93419561937347,3.50860900133445,5.1578014625703,4.63467713996575,1.83430694050621,2.86209645434514,4.53164616922443,5.37606210527835,0.184327543589376,-1.04062788037474,4.1379760147934,3.02446891322002,3.26144254894199,3.25030054425608,0.661917860363786,1.15133974773165,-0.829669931263581,1.97152437752793,3.84740756498942,2.89204589930023,2.51696292436563,2.78577787111547,4.08841505533155,3.12903961305014,2.34259088863486,0.666177701511785,1.44256712752274,0.41918235828382,2.43612700773028,1.99503145192281,2.26090112045144,2.69276095831013,2.06647116543692,2.64645321058576,3.40086073244838,0.838344887565228,0.862950368642061,1.46032068090032,2.58348102740275,2.08587497822796,2.29087419635697,1.84240684078709,-0.44722491915573,-4.04321614806597,2.25578086023764,1.3652015122187,0.693162462733071,0.836529617436128,1.42175252214606,1.72526959492163,1.10648185185616,1.74005262019588,1.69976378866281,NA
"22934","High income","HIC","GNI per capita (constant LCU)","NY.GNP.PCAP.KN",NA,NA,NA,NA,NA,NA,NA,NA,NA,NA,NA,NA,NA,NA,NA,NA,NA,NA,NA,NA,NA,NA,NA,NA,NA,NA,NA,NA,NA,NA,NA,NA,NA,NA,NA,NA,NA,NA,NA,NA,NA,NA,NA,NA,NA,NA,NA,NA,NA,NA,NA,NA,NA,NA,NA,NA,NA,NA,NA,NA
"22948","High income","HIC","Government expenditure on education, total (% of government expenditure)","SE.XPD.TOTL.GB.ZS",NA,NA,NA,NA,NA,NA,NA,NA,NA,NA,NA,NA,NA,NA,NA,NA,NA,NA,NA,NA,NA,NA,NA,NA,NA,NA,NA,NA,NA,NA,NA,NA,NA,NA,12.2647552490235,11.9690799713135,12.2103452682495,NA,11.7560353279114,11.868989944458,12.1709203720093,12.6140851974488,13.0440649986267,12.792200088501,12.9995050430298,12.7510600090027,13.1339950561524,12.8710098266601,12.7772450447083,12.5492248535157,12.2080750465393,12.6329798698426,12.39737033844,12.5140647888183,12.7431497573853,12.4122295379639,NA,NA,NA,NA
"23155","High income","HIC","Life expectancy at birth, total (years)","SP.DYN.LE00.IN",68.4577778785283,68.8432740930652,68.8261325799645,69.0422011232905,69.4481091988981,69.5636655716602,69.8340134948152,70.066677487506,70.0146567441073,70.2207600480526,70.552430386353,70.8358836477858,71.1308293135136,71.3028194363494,71.7153038411793,72.0643786670592,72.3244883216628,72.6782350630483,72.8335879825214,73.1586008025212,73.1842193473389,73.5407202322369,73.8720022112421,73.9722921250751,74.2510497147387,74.3787287527099,74.6271504829004,74.895648960416,75.0130795853897,75.2596845463885,75.4220092054651,75.596612100048,75.8574004560851,75.9326945773598,76.21329713332,76.2804814720282,76.6516276617813,76.9853305009239,77.167301791429,77.3114331497428,77.5885101311577,77.8896143327584,78.0273180263785,78.1534057938279,78.5648325634333,78.6614491985499,78.9683676064157,79.2000207703472,79.3440112220749,79.6209233750369,79.79754559881,80.0366248783708,80.1544784722599,80.3322084358351,80.5886474463885,80.4690829158766,80.6268002204481,80.6843995711883,NA,NA
"23517","High income","HIC","Population density (people per sq. km of land area)","EN.POP.DNST",NA,22.0135455556251,22.2992077873845,22.5828729669622,22.8638741116736,23.1344328872471,23.3877065533607,23.6222038268624,23.8345072447079,24.1001274454273,24.3379096030431,24.5974924454735,24.8485778293808,25.0742125303169,25.3312816179367,25.5739408788798,25.7788291224647,25.9914462602663,26.2057731846753,26.4306068994596,26.6495560145741,26.8681751311812,27.0752687401191,27.2697044039394,27.4549887017548,27.6400080450147,27.8329552274449,28.0255202647878,28.222088302105,28.4310811383546,28.6528747721638,28.8928682349861,29.0710498054778,29.2991517575066,29.5164271201152,29.7709903989164,29.9761380860641,30.1164829833716,30.3114806785843,30.5038725170322,30.6635584181038,30.864322038195,31.0711463371432,31.2752918328021,31.4913500975847,31.7130858595326,31.9548569521817,32.208873288217,32.4935314643587,32.734827446523,32.9509705865725,33.1080083591889,33.3069218210411,33.5034862702714,33.706998688162,33.9068591362794,34.0968909062193,34.2698639692726,34.4377658355898,NA
"23518","High income","HIC","Population growth (annual %)","SP.POP.GROW",NA,1.49341818059774,1.29760790395625,1.27211524985505,1.24431087719643,1.18331728735895,1.09476205633636,1.00262303677906,0.898716389894645,1.11443546112457,0.98661392610336,1.06654938147103,1.02048811313398,0.908038691330432,1.02514647215234,0.957280567039859,0.800930144931925,0.824400247005968,0.824605611641644,0.857868567655103,0.827615557807462,0.820578195453805,0.770144056923797,0.718015184558936,0.6751736905549,0.673613374024185,0.698359423132814,0.691601251042457,0.701360697667312,0.740529311694942,0.780109742326985,0.840236580606728,0.616869668980428,0.784578588096437,0.741546862675094,0.862590010482549,0.688968078851389,0.664982877702087,0.64718883121509,0.634598567089967,0.623743946729149,0.654028777284381,0.671640258939419,0.658288795833357,0.690202869687596,0.703795536935644,0.760606038959551,0.795233876903367,0.840812340986233,0.745102675819396,0.664721460447254,0.475830912398607,0.592077091611088,0.594065828172361,0.607225819150585,0.591350494124725,0.589552310562169,0.507298637664675,0.488412288351611,NA
"23697","High income","HIC","Pupil-teacher ratio, primary","SE.PRM.ENRL.TC.ZS",NA,NA,NA,NA,NA,NA,NA,NA,NA,NA,19.2017707824707,19.2678604125977,19.1207599639893,19.0058002471924,18.8877696990967,18.7729797363281,18.7956790924072,18.6939105987549,18.6195793151855,18.558069229126,18.4006195068359,18.3324604034424,18.2030601501465,18.0671901702881,17.8889408111572,17.7227001190186,17.564380645752,17.5552005767822,17.4496803283691,17.3350696563721,17.2174396514893,17.0551700592041,16.9514503479004,16.8253002166748,16.5253505706787,16.5568103790283,16.4879703521729,16.3897590637207,16.6143894195557,16.5014896392822,16.1177806854248,16.0017108917236,15.6720199584961,15.6092596054077,15.2991104125977,15.0580997467041,14.8522396087646,14.6236095428467,14.4983901977539,14.4445295333862,14.1871099472046,14.2882795333862,14.3228597640991,14.287989616394,14.3039398193359,14.2228097915649,14.1529502868652,14.1503496170044,NA,NA
"23888","High income","HIC","Total greenhouse gas emissions (kt of CO2 equivalent)","EN.ATM.GHGT.KT.CE",NA,NA,NA,NA,NA,NA,NA,NA,NA,NA,12944860.682368,13084087.1292292,13622984.7616418,14294178.9359104,14104825.6965403,13715479.1984509,14495247.4907548,14749644.2083849,14859567.1840727,15343483.1463279,15031443.8878038,14661327.0069413,14092056.731333,14046922.2878706,14352449.9248831,14298740.3615229,14294437.2618659,14298832.7469045,14989992.3694515,15295864.4025218,14860552.909502,14909588.492368,14813145.4141102,14940638.0705357,15334207.9364449,15732758.0265232,15992340.0977046,16501800.3138224,16832874.519363,16870456.6463812,16959831.1107543,17030936.2150439,17243738.7877162,17471923.2256824,17637159.277745,17164057.4892349,17259924.2829525,17770370.2503764,17050040.5847818,16736066.1596551,16317515.8369695,16931920.9857696,16181386.1345227,NA,NA,NA,NA,NA,NA,NA
"49573","Middle income","MIC","Access to electricity (% of population)","EG.ELC.ACCS.ZS",NA,NA,NA,NA,NA,NA,NA,NA,NA,NA,NA,NA,NA,NA,NA,NA,NA,NA,NA,NA,NA,NA,NA,NA,NA,NA,NA,NA,NA,NA,NA,NA,NA,72.4628034014645,72.8198426955672,73.8224736630705,74.7517507592827,75.9826242566482,76.4940424935527,78.0269861462912,78.5342463967968,77.8857137307369,79.6183176710213,80.3689066362196,80.7921033210862,81.5051199859307,82.5285632727037,82.9810938365749,83.8917147103778,85.0239756060079,85.6964870225463,84.4130974699353,87.5736623812649,87.9999411580734,88.6178274752455,90.2096557386729,91.2300689535056,92.3621778813774,NA,NA
"49705","Middle income","MIC","Birth rate, crude (per 1,000 people)","SP.DYN.CBRT.IN",34.2858066448005,33.3198421144603,38.9603007884835,40.6434968407634,39.0574441754799,38.3732924919051,37.2178052371684,36.7150465898632,36.9745180426075,36.26068235416,35.8203799236818,34.7424098539412,34.2702146585062,33.5037744199307,32.3634086769448,31.6147164741079,30.4870660238375,30.0435093735595,29.7013060072949,29.4158603775394,29.3939645886903,30.0552270705596,30.2984060143807,29.5143943156911,29.1735098703784,29.2062556334881,29.3461580425313,29.2445844014291,28.5319158971085,27.837109817477,27.2500616376845,26.3943833584388,25.5814594810472,25.1073261383713,24.6416443331976,24.1196405385596,23.7458251079183,23.3267136065602,22.8028853359717,22.2603539991447,21.8800645892955,21.5009447087826,21.1957829421888,20.9066910746489,20.7253950808614,20.5765108365978,20.3475583494555,20.2238460393953,20.1049158544419,19.9386066557042,19.7063602078207,19.53324754967,19.4197058683038,19.2326619744784,19.1301576530118,18.8669140724989,18.8749073038458,18.5324364531024,NA,NA
"49777","Middle income","MIC","CO2 emissions (metric tons per capita)","EN.ATM.CO2E.PC",1.1168298171653,0.960148641119064,0.900694566874514,0.908104756544812,0.931153565523297,0.987110159443742,1.04091164656301,1.00100556955373,1.06415919048214,1.15839531798221,1.30154490409249,1.38642357842588,1.43134684310785,1.49871902668431,1.51852654562037,1.60014759772543,1.664787660475,1.74228452445492,1.84661881815471,1.88641660396015,1.86100802870348,1.83383659804774,1.90639433288072,1.93660838264699,1.99340345198454,2.07778043164218,2.12871189487158,2.20027666438901,2.28153988426504,2.30500195967609,2.25934941459409,2.30937794826869,2.35507171041718,2.33153514225404,2.27781188627294,2.3267947264439,2.35629253707874,2.31852813468189,2.25882729928279,2.26833621444917,2.29646366479933,2.31553525597377,2.38419605996718,2.57495534230196,2.74812150055967,2.89697687526706,3.05209515362643,3.16733785487947,3.32924186226645,3.36941129489563,3.54539976752558,3.78909343097776,3.88591814093742,3.86283825495166,3.86673189186276,NA,NA,NA,NA,NA
"50004","Middle income","MIC","Expense (% of GDP)","GC.XPN.TOTL.GD.ZS",NA,NA,NA,NA,NA,NA,NA,NA,NA,NA,NA,NA,NA,NA,NA,NA,NA,NA,NA,NA,NA,NA,NA,NA,NA,NA,NA,NA,NA,NA,NA,NA,NA,NA,NA,NA,NA,NA,NA,NA,NA,NA,NA,NA,NA,NA,NA,NA,NA,NA,NA,NA,NA,19.6685642089654,21.4412769080134,22.2210474863096,19.397665307001,NA,NA,NA
"50078","Middle income","MIC","Forest area (sq. km)","AG.LND.FRST.K2",NA,NA,NA,NA,NA,NA,NA,NA,NA,NA,NA,NA,NA,NA,NA,NA,NA,NA,NA,NA,NA,NA,NA,NA,NA,NA,NA,NA,NA,NA,26990298.0332518,26929689.5978403,26869617.7665758,26809279.1778421,26748940.793767,26688602.1260309,26628263.7475061,26567925.9769106,26507586.4768839,26447248.6713266,26386910.4182482,26357680.98557,26328451.7217779,26299221.9724417,26269992.6964617,26240763.372426,26223960.5327082,26207157.1360254,26190354.4101954,26173551.4547014,26156748.6291742,26329081.0730028,26300594.0589571,26272107.5105143,26243619.8329782,26215132.6475573,26186645.5143976,NA,NA,NA
"50089","Middle income","MIC","GDP growth (annual %)","NY.GDP.MKTP.KD.ZG",NA,2.42010231556615,3.79092999941236,4.82878984993096,7.78747377982452,5.64839088670691,4.38391651404314,3.77874985035132,6.69271644683145,7.74553816730692,8.14507709245814,6.43784264071321,6.49746196031327,7.49296618282136,6.08623529165983,4.11601642160677,6.80011758935466,4.23061522177544,2.88842151239739,4.08041171098455,3.85414454228203,1.68406591436204,2.68132834381431,1.1324524126201,4.3719441614396,4.34014368942768,4.11648635915039,4.64598227957202,3.77275138613857,2.79767000045798,2.14211931462383,1.11673895213029,0.788448023193382,2.73103696863632,2.40140680246515,3.55794551450852,4.82039950094281,4.83860711411597,1.96547888687407,3.18199023629464,5.60703948232459,3.40670613369699,4.31986989870916,5.39019189145257,7.74999520577475,7.00114374191654,7.93490577509905,8.46741936215638,5.58792285406402,2.25533301746293,7.36855020463953,5.96923579389765,5.12164206006072,5.11517398956094,4.40092390742034,3.90279083079773,4.25956512491584,4.85602496467017,4.59829958197066,NA
"50093","Middle income","MIC","GDP per capita (current US$)","NY.GDP.PCAP.CD",149.926417872184,142.339624171783,145.363555963167,151.721934144342,167.538723315097,179.712051223205,181.166979761455,182.32254391032,188.409312006728,205.366534830696,220.561011772336,232.019898970383,253.686933630551,314.492474910346,393.69386225699,425.411738792561,451.868609935867,498.162930484638,528.822042304063,619.024478948934,714.318172520276,794.321419853537,768.601151635019,727.724357487302,725.692837925633,750.275492893086,762.540585347007,767.126023982841,809.950480285981,822.467931383085,910.984720423999,954.12406516149,929.406533861909,973.427316082059,1042.61234079406,1149.15228777037,1234.73402574294,1287.54823756019,1230.74935939842,1183.7281904584,1272.37346203347,1272.59819168923,1281.56805471539,1427.1607088805,1675.15814161579,1975.89552214259,2326.8609533092,2851.11451940176,3382.12475971778,3261.22517382095,3916.5887196724,4574.34268814012,4823.5332016916,5050.44577555931,5176.45363633362,4850.3466122434,4817.17609489435,5229.03176445357,5483.97202284359,NA
"50094","Middle income","MIC","GDP per capita growth (annual %)","NY.GDP.PCAP.KD.ZG",NA,1.16456134011457,1.91363965881909,2.40903213852222,5.34141642271533,3.23519610031062,1.90241857559276,1.37657041315624,4.21528229796202,5.20637379542626,5.59090921432622,3.93116109549364,4.08590727021306,5.11864645329014,3.81358043962364,1.97981843258377,4.67592762069901,2.21876248242671,0.907578732884716,2.06901746805539,1.85684067675436,-0.292977936974296,0.626444452559369,-0.880236849212352,2.34053636592628,2.31445905773826,2.08112914127089,2.58944338674398,1.76146043235981,0.867078643191022,0.239242175084513,-0.641499184019494,-0.886071005721462,1.08201309587376,0.800672997643787,1.97627094845083,3.2501981326112,3.29453147553195,0.505692779009848,1.75972840432574,4.19501786240333,2.07178301468164,3.01178792464343,4.09062763335575,6.44293496341197,5.71925997635611,6.66314637924049,7.2115959658324,4.3709672844831,1.07300146388461,6.13045963641264,4.7429612949126,3.90858541261814,3.90170873741292,3.20764307804188,2.73372724098293,3.09985272983361,3.70884778859765,3.50361212761121,NA
"50117","Middle income","MIC","GNI per capita (constant LCU)","NY.GNP.PCAP.KN",NA,NA,NA,NA,NA,NA,NA,NA,NA,NA,NA,NA,NA,NA,NA,NA,NA,NA,NA,NA,NA,NA,NA,NA,NA,NA,NA,NA,NA,NA,NA,NA,NA,NA,NA,NA,NA,NA,NA,NA,NA,NA,NA,NA,NA,NA,NA,NA,NA,NA,NA,NA,NA,NA,NA,NA,NA,NA,NA,NA
"50131","Middle income","MIC","Government expenditure on education, total (% of government expenditure)","SE.XPD.TOTL.GB.ZS",NA,NA,NA,NA,NA,NA,NA,NA,NA,NA,NA,NA,NA,NA,NA,NA,NA,NA,NA,NA,NA,NA,NA,NA,NA,NA,NA,NA,NA,NA,NA,NA,NA,NA,NA,NA,NA,NA,NA,NA,15.2285652160645,NA,15.223014831543,NA,14.7487096786499,14.2785196304321,15.2890996932983,14.4814500808716,14.5344200134277,14.8892550468445,15.8581652641296,14.8677701950073,15.068419933319,15.0064449310302,15.7453546524048,NA,NA,NA,NA,NA
"50338","Middle income","MIC","Life expectancy at birth, total (years)","SP.DYN.LE00.IN",47.8544656241286,48.3896806775341,49.0070760959684,49.7358506535683,50.5861974831529,51.5228376385659,52.4958759242013,53.4551402314718,54.3584669714234,55.1739550246517,55.9197720582613,56.5833832040838,57.180192733982,57.7626812341531,58.3271605473142,58.8414358938746,59.3523404439759,59.8350967813271,60.2889727855427,60.6933441987937,61.0803308419123,61.4466805044001,61.8006114078694,62.1136610379517,62.401019301553,62.7226365269059,63.0747777856467,63.3625857049115,63.6344841522934,63.8893728601512,64.1339782515132,64.3751553364069,64.5469517160819,64.7136008397648,64.9409657261257,65.1981396527107,65.5094033152295,65.8351025056717,66.1382875607694,66.4017977208998,66.6983333458959,67.0041471626281,67.3071857253574,67.6138113251386,67.9341591719255,68.2363471403245,68.5745709684604,68.9012196965133,69.2079960930924,69.5339758545946,69.8278088711397,70.1303466001113,70.4002318589858,70.6597317415416,70.8889412931673,71.1092077648714,71.3201914585675,71.521829978881,NA,NA
"50700","Middle income","MIC","Population density (people per sq. km of land area)","EN.POP.DNST",NA,27.2060459267835,27.7071922639673,28.3618678403514,29.0204383992839,29.6988114085824,30.4220281910197,31.142896634886,31.8832340778858,32.652738520538,33.4425846965275,34.2491754148416,35.0426907116753,35.8342334879979,36.6187240920847,37.3857290504678,38.1444612021672,38.8952141647043,39.658737629475,40.4402613330291,41.2332516687469,42.0508465080629,42.9095631960384,43.7808689208433,44.6498969871234,45.5339031282524,46.4417864870077,47.372772532062,48.3090840634053,49.2343376380158,50.1689705576073,51.0561128456726,51.9187003068116,52.7681638300714,53.6141326291908,54.4477705036146,55.2760788735776,56.1018687955044,56.9354769362529,57.7262333544175,58.5246221031812,59.290684851348,60.0456641987104,60.7956060929734,61.5433119052699,62.289508973154,63.0350304023579,63.7736257330184,64.518108712869,65.2749093039777,66.0363693907601,66.8089903470504,67.5895334621882,68.3810527755756,69.1717771203112,69.9589074612117,70.7457884522898,71.5283441893003,72.294869980189,NA
"50701","Middle income","MIC","Population growth (annual %)","SP.POP.GROW",NA,1.24108774734904,1.84204032637626,2.36283622731214,2.32202816344676,2.33756981877715,2.43517079686345,2.36956076478528,2.37722730701451,2.41350811769072,2.4189278197686,2.41186716168447,2.31688876366294,2.25870462533615,2.18916912644001,2.09472621333914,2.02930130827481,1.96818342395271,1.96302676606305,1.97062173500267,1.96089320290835,1.98285317365774,2.04209132344305,2.03056302583231,1.98494933449427,1.97986154678908,1.99386236712051,2.00463013048552,1.97647610916083,1.91399551095979,1.89833552035003,1.76959004182862,1.68948910199241,1.63137221178854,1.58801896576502,1.55102216559501,1.52077322535973,1.49482805771743,1.4524412175079,1.39766669415408,1.35517191597965,1.30782776550826,1.26983717147269,1.24849305614177,1.22794457218984,1.21253569675679,1.1923137831851,1.17135034229338,1.16599050602251,1.16977979920858,1.16657420731845,1.17074644809054,1.16742677481901,1.16789730110673,1.156194244719,1.13795500388349,1.12484389102005,1.10615169345142,1.05763212689602,NA
"50880","Middle income","MIC","Pupil-teacher ratio, primary","SE.PRM.ENRL.TC.ZS",NA,NA,NA,NA,NA,NA,NA,NA,NA,NA,32.1486015319824,32.2049293518066,31.4273300170898,32.100399017334,32.1216201782227,32.191780090332,31.9976005554199,32.057071685791,31.7959098815918,31.7446708679199,31.3596096038818,30.9577693939209,30.4502201080322,29.9092102050781,29.6554698944092,29.5960292816162,29.3295993804932,29.1924896240234,28.9386501312256,28.3373699188232,28.3290405273438,28.2480201721191,28.244930267334,28.249340057373,28.3779907226563,28.3722190856934,28.3812408447266,28.4373798370361,28.4414596557617,28.4079608917236,28.10032081604,27.6388607025146,27.2794895172119,27.0745296478271,26.5478496551514,26.3064002990723,26.1725292205811,26.0255908966064,25.8446102142334,25.427619934082,25.0279998779297,24.6073799133301,24.7334899902344,23.8159294128418,23.4519805908203,23.2543601989746,23.7912101745605,24.0046901702881,NA,NA
"51071","Middle income","MIC","Total greenhouse gas emissions (kt of CO2 equivalent)","EN.ATM.GHGT.KT.CE",NA,NA,NA,NA,NA,NA,NA,NA,NA,NA,11854676.3794346,11039873.6689629,12290133.1426174,12436225.2663521,12186715.6388327,12837872.810883,13594600.9659295,14356406.4701181,14753862.6185325,15315294.2994035,15689656.2002957,15260397.0181548,17590649.7058674,17133271.8284693,15765408.6679512,15882389.901252,16873777.3502061,18381893.9213741,17524766.5811225,17682883.4818031,19958201.2818409,20629918.5784135,21043796.0952779,20138367.808097,20265598.1910567,20263880.5876876,20405033.9363769,23999238.375753,22921216.5870202,20319706.8270439,19743265.3356923,19756651.9538193,22163474.7457008,22936477.915632,23868135.9589204,25512204.4637917,26795582.0311153,27720453.5213522,26318630.6925292,26388770.5016052,28789166.8088489,30962998.8838872,31757121.3330389,NA,NA,NA,NA,NA,NA,NA
"41578","Low income","LIC","Access to electricity (% of population)","EG.ELC.ACCS.ZS",NA,NA,NA,NA,NA,NA,NA,NA,NA,NA,NA,NA,NA,NA,NA,NA,NA,NA,NA,NA,NA,NA,NA,NA,NA,NA,NA,NA,NA,NA,NA,NA,NA,NA,NA,NA,NA,NA,NA,NA,15.0901654086147,17.6726289118247,21.7110582988685,23.0535403436022,23.0809304556307,21.1754411977978,25.2867059144582,34.8619332436559,27.1814777960687,27.4991349930644,28.4815909857639,27.7027078141687,31.9193486969492,32.582220279702,33.4899739560824,34.2742658271733,39.9048719772844,40.9399213414704,NA,NA
"41710","Low income","LIC","Birth rate, crude (per 1,000 people)","SP.DYN.CBRT.IN",47.5959730847878,47.4790978287946,47.3811861754403,47.3163079372502,47.2863964391702,47.2848398323163,47.2980579344001,47.304617481466,47.2876016704837,47.2409175996099,47.1589403714726,47.0397275422775,46.8925632909166,46.7287848043254,46.5568985529626,46.3929688578302,46.2529713830318,46.1451075858124,46.0695896616254,46.0210358186031,45.9886498883246,45.957208517679,45.9100914521276,45.8349882347357,45.7277193616223,45.5863949076126,45.4131566622581,45.2162394057072,45.0022609357778,44.7725480479845,44.5328743535756,44.2900284023557,44.0475212208788,43.8052519811824,43.5597690894517,43.3041199309014,43.0297794808516,42.7313133577585,42.4066747087871,42.0587993968504,41.6928959013445,41.3152986551437,40.9314516243012,40.5436315396722,40.1502833901832,39.7484722539672,39.3335046504872,38.9041503267299,38.4641727565973,38.0208522235687,37.5804953484178,37.1468425230127,36.7225064332316,36.3072324764142,35.8987984639677,35.49490763938,35.0953836699811,34.6984326418843,NA,NA
"41782","Low income","LIC","CO2 emissions (metric tons per capita)","EN.ATM.CO2E.PC",0.192492812143948,0.181730074789388,0.190799963353858,0.182208020475295,0.203624170726926,0.207970918801988,0.220154024533433,0.216226897335752,0.340978724604457,0.298685139967116,0.266287305857603,0.295207994965075,0.26536781908447,0.285546643955968,0.286207505256276,0.289725421992071,0.30112907537223,0.306440517294523,0.310129856121708,0.374715913127494,0.356464746391139,0.387940056391088,0.364343804006863,0.393154962262521,0.422675873418545,0.404218561703322,0.400447212191285,0.431781716402452,0.432267119705379,0.410450836821848,0.403865944246558,0.414956643657622,0.40343186004048,0.39140941903505,0.366116743243208,0.355171107046266,0.359479424772673,0.351557563768057,0.374582290751765,0.391253299375388,0.390480374229643,0.389194716332124,0.350072964937829,0.386933204859439,0.38077297343849,0.382203045696779,0.389444126968448,0.386423174510624,0.402329478516619,0.392884366962159,0.383361368654197,0.342947302172,0.319280066864853,0.302395889606244,0.307958345273978,NA,NA,NA,NA,NA
"42009","Low income","LIC","Expense (% of GDP)","GC.XPN.TOTL.GD.ZS",NA,NA,NA,NA,NA,NA,NA,NA,NA,NA,NA,NA,NA,NA,NA,NA,NA,NA,NA,NA,NA,NA,NA,NA,NA,NA,NA,NA,NA,NA,NA,NA,NA,NA,NA,NA,NA,NA,NA,NA,NA,NA,NA,NA,NA,NA,NA,NA,NA,NA,NA,NA,NA,NA,NA,NA,NA,NA,NA,NA
"42083","Low income","LIC","Forest area (sq. km)","AG.LND.FRST.K2",NA,NA,NA,NA,NA,NA,NA,NA,NA,NA,NA,NA,NA,NA,NA,NA,NA,NA,NA,NA,NA,NA,NA,NA,NA,NA,NA,NA,NA,NA,3774850,3756708.53478394,3737812.04704285,3866070.95100403,3846098.06900024,3826125,3806151.93099976,3786179.04914856,3766205.95085144,3746233.06381226,3726260,3707757.93655396,3689256.01951599,3670753.98048401,3652252.06344604,3633750,3614429.95803833,3595110.03074646,3575789.96925354,3556470.04196167,3537150,3592823.95706177,3576928.02894592,3561031.97105408,3545136.04309082,3529240,3513343.95690918,NA,NA,NA
"42094","Low income","LIC","GDP growth (annual %)","NY.GDP.MKTP.KD.ZG",NA,NA,NA,NA,NA,NA,NA,NA,NA,NA,NA,NA,NA,NA,NA,NA,NA,NA,NA,NA,NA,NA,NA,NA,NA,NA,NA,NA,NA,0.89528607746621,0.496149015432579,0.0209028121265931,-3.38210239795681,-0.730716726271822,0.202750213551226,4.26556196968902,4.95638608297931,3.47569135952257,3.24528190389289,3.3736519294583,2.6549280634198,4.89234040128976,3.686437815421,4.55918639194076,6.24015624719993,6.64182993356808,5.62499846151002,6.42216122757515,6.02361795053386,5.24301027420182,6.93095744673995,3.4783710181085,3.29108983337754,6.12012999612573,5.82880569025963,2.874425852694,3.07430589473161,4.95784123279397,4.94831990352868,NA
"42098","Low income","LIC","GDP per capita (current US$)","NY.GDP.PCAP.CD",NA,NA,NA,NA,NA,NA,NA,NA,NA,NA,NA,NA,NA,NA,NA,NA,NA,NA,NA,NA,NA,NA,NA,NA,NA,NA,NA,NA,304.21348182631,289.927303515114,307.587202424895,311.640865451259,274.516265238753,264.524279681282,210.371945744436,233.073896658667,257.414942918538,264.029852674807,274.251412329978,270.753239811614,314.442032596223,286.655575068619,296.783196903215,313.692430747449,350.344360099291,390.96573950748,428.409073581337,501.450883165521,597.422347932578,595.788536011103,638.231008539885,696.494941284549,733.24722953866,783.179075828415,822.026203940177,790.891131184989,737.007061489546,766.517216376315,811.178536682247,NA
"42099","Low income","LIC","GDP per capita growth (annual %)","NY.GDP.PCAP.KD.ZG",NA,NA,NA,NA,NA,NA,NA,NA,NA,NA,NA,NA,NA,NA,NA,NA,NA,NA,NA,NA,NA,NA,NA,NA,NA,NA,NA,NA,NA,-1.80226222474299,-2.25890260332542,-2.794412262992,-6.15670139695331,-3.5951298317534,-2.65014016666557,1.36983130147374,2.12568777931399,0.74919044302186,0.555662046755415,0.667693896619696,-0.072634445525054,2.06334888846757,0.863217414081902,1.69414999933795,3.32357069744016,3.71981238065284,2.7320165617686,3.51195467678815,3.15406681708885,2.45378419416875,4.17319429937164,0.888638805519037,0.768665863814832,3.56019393580331,3.26593033227218,0.346738694331791,0.503716639904155,2.31161918460607,2.27516541512658,NA
"42122","Low income","LIC","GNI per capita (constant LCU)","NY.GNP.PCAP.KN",NA,NA,NA,NA,NA,NA,NA,NA,NA,NA,NA,NA,NA,NA,NA,NA,NA,NA,NA,NA,NA,NA,NA,NA,NA,NA,NA,NA,NA,NA,NA,NA,NA,NA,NA,NA,NA,NA,NA,NA,NA,NA,NA,NA,NA,NA,NA,NA,NA,NA,NA,NA,NA,NA,NA,NA,NA,NA,NA,NA
"42136","Low income","LIC","Government expenditure on education, total (% of government expenditure)","SE.XPD.TOTL.GB.ZS",NA,NA,NA,NA,NA,NA,NA,NA,NA,NA,NA,NA,NA,NA,NA,NA,NA,NA,NA,NA,NA,NA,NA,NA,NA,NA,NA,NA,NA,NA,NA,NA,NA,NA,NA,NA,NA,NA,NA,NA,15.195969581604,15.3105802536011,NA,NA,17.1453990936279,NA,NA,NA,16.2177352905273,17.1851644515991,16.1728191375732,15.1081051826478,16.1228103637695,16.2328100204467,16.815565109253,16.5541896820068,14.8086500167847,NA,NA,NA
"42343","Low income","LIC","Life expectancy at birth, total (years)","SP.DYN.LE00.IN",39.2624088654767,39.6787691637855,40.0991731626785,40.532538528571,40.984948319327,41.4581742327418,41.9490776815468,42.4478977825426,42.9461083346026,43.4376079305681,43.9191000467435,44.3897920237305,44.8506500843409,45.2998610671486,45.7356041894281,46.1535201364971,46.5500054998131,46.9259295889743,47.2854258654247,47.6331955587136,47.9758657609959,48.3192880191144,48.6654866831341,49.0128065979694,49.3563927598187,49.6837443187206,49.978425202157,50.2289681886434,50.431105375342,50.5957088797367,50.7429288631486,50.8986893686699,51.0824821891084,51.298547033525,51.5375278866347,51.7986463923696,52.0917074081155,52.4271914150842,52.8115508638211,53.2483693937181,53.7400480930248,54.2878192492014,54.8860939122339,55.527329377093,56.2025584875766,56.8979999713082,57.6000552332727,58.2924881944361,58.9572864856658,59.5793692735581,60.151153163526,60.6736188834917,61.1590974174234,61.6179725818917,62.0544529512157,62.4711325405538,62.8687750548061,63.2489234289389,NA,NA
"42705","Low income","LIC","Population density (people per sq. km of land area)","EN.POP.DNST",NA,11.8852801422777,12.1468359975008,12.4177744636933,12.7020121343347,13.0022688700771,13.3194862794706,13.652474441792,13.9992462736693,14.3568329430413,14.7230348728444,15.0972583113161,15.4800222235732,15.8715621765624,16.2729463651966,16.6841395405736,17.1054777652353,17.5373833541981,17.9784629674531,18.4267780449874,18.881484056179,19.3425035729015,19.8120820108165,20.2946260338706,20.7959731514126,21.3207862654078,21.8696400434535,22.4427371025765,23.0437172239856,23.6767413820005,24.3441233370717,25.0491895685195,25.7898013898971,26.5560764230989,27.334316629027,28.1151487359877,28.8944385069044,29.6763873515991,30.4701586727193,31.2891996920456,32.1424284266012,33.0333521343831,33.9579749657919,34.9151613042641,35.9007881911964,36.9121931566545,37.9514910739204,39.0184569112147,40.1038766208747,41.1956740538458,42.2840735027409,43.3686624498674,44.4542593738086,45.5531211042048,46.6876826965429,47.863709429896,49.0879222378413,50.3575487295414,51.673738313444,NA
"42706","Low income","LIC","Population growth (annual %)","SP.POP.GROW",NA,2.19168406008239,2.20067051084997,2.23052707921883,2.2889582305784,2.36385174700592,2.43970811989249,2.50000754784878,2.53999253655999,2.55432801439137,2.5507152674685,2.54175475167769,2.53532068117477,2.52932423050991,2.52594796324455,2.52384735397754,2.52538180729707,2.52495484131205,2.51508223516905,2.4936229439966,2.46763709901659,2.44164873561212,2.42770247473494,2.43560481321776,2.47034420198395,2.523628541805,2.57426612327245,2.62051436596258,2.67783790658969,2.74705748149006,2.81872384507496,2.89624818969818,2.95662987160429,2.97123278158308,2.93055417347392,2.85660006634849,2.77177893752085,2.70622612897586,2.67475724627708,2.68801035177928,2.72954509889279,2.77179961624974,2.79905844144224,2.81730698631284,2.82276883200284,2.81722217370717,2.81604702853467,2.81146903260978,2.78181095713195,2.722423678121,2.64728672852547,2.56692155157492,2.50318285742878,2.47193053916963,2.48182081906494,2.51895297371034,2.5577056657891,2.58643355395751,2.6136887459942,NA
"42885","Low income","LIC","Pupil-teacher ratio, primary","SE.PRM.ENRL.TC.ZS",NA,NA,NA,NA,NA,NA,NA,NA,NA,NA,38.1327896118164,38.0391006469727,38.1302909851074,37.9575691223145,38.3685607910156,38.5051689147949,38.6414604187012,38.7903900146484,38.3006591796875,38.4358291625977,39.0201988220215,39.6944007873535,38.8449211120605,37.9673500061035,37.2807006835938,36.574161529541,35.820068359375,35.9361991882324,36.3676300048828,36.204158782959,36.1228713989258,36.4937400817871,35.8549308776855,35.9520988464355,37.068000793457,37.7691116333008,37.9418601989746,40.0849609375,40.2491111755371,39.8714485168457,41.2472801208496,41.9593391418457,44.0871200561523,45.0835418701172,44.6003684997559,45.0541496276855,44.5258407592773,44.6450881958008,44.8235206604004,43.8200912475586,42.7185592651367,42.1178207397461,41.274040222168,41.1238899230957,40.5451583862305,39.7908096313477,39.5026512145996,39.461009979248,NA,NA
"43076","Low income","LIC","Total greenhouse gas emissions (kt of CO2 equivalent)","EN.ATM.GHGT.KT.CE",NA,NA,NA,NA,NA,NA,NA,NA,NA,NA,2257634.73773667,1528815.48108667,1595764.55779667,1692981.28282667,1491706.10955333,1692395.24225,1579247.05649667,1794138.55888333,1828581.47672333,2264629.69999,2072995.60565,1824572.01495,2063152.63682,2060923.25213,1760508.64277,1750014.07443333,1680822.16938333,2081327.00936333,1669388.39586,1814087.51966667,2344784.3558794,2012967.96787633,2801073.30173267,1903867.97733333,2079175.42939,2138558.29299,1927279.72174667,1881661.94769667,3337251.9033,2738694.63139,2864915.30845585,2672753.8236,2648632.26803,3054887.15207,2754648.0806,3127000.69813,3103420.8248,3313865.9155,3115859.8127,2863342.59236979,3076556.09620742,3093223.43555741,3115755.23246632,NA,NA,NA,NA,NA,NA,NA
